latitude,longitude,count,city,state,zip,country
39.3173,-123.7739,1,Mendocino,CA,95460,US
45.2986,-122.7699,2,Wilsonville,OR,97070,US
37.6787,-122.478,1,Daly City,CA,94015,US
37.7621,-122.3971,1,San Francisco,CA,94107,US
37.7694,-122.3867,2,San Francisco,CA,94158,US
40.5486,-122.3339,2,Redding,CA,96002,US
47.7918,-122.2243,1,Bothell,WA,98021,US
47.388,-122.1932,1,Kent,WA,98031,US
37.4396,-122.1864,1,Menlo Park,CA,94025,US
47.0822,-122.186,2,Orting,WA,98360,US
47.143,-122.1644,1,Bonney Lake,WA,98391,US
47.5614,-122.1552,1,Bellevue,WA,98006,US
37.4673,-122.1388,1,Palo Alto,CA,94303,US
47.6254,-122.0462,1,Sammamish,WA,98074,US
37.3983,-122.0006,3,Sunnyvale,CA,94089,US
37.9575,-121.975,2,Concord,CA,94521,US
37.7166,-121.9226,1,Dublin,CA,94568,US
37.8321,-121.9167,1,Danville,CA,94506,US
37.4031,-121.8585,1,San Jose,CA,95132,US
37.3293,-121.8339,1,San Jose,CA,95122,US
38.7159,-121.3648,1,Antelope,CA,95843,US
38.7877,-121.2366,1,Rocklin,CA,95677,US
45.5995,-121.1905,1,The Dalles,OR,97058,US
36.2022,-119.338,1,Tulare,CA,93274,US
36.1946,-119.2283,1,Visalia,CA,93292,US
34.003,-118.4298,1,Los Angeles,CA,90066,US
34.143,-118.3913,1,Studio City,CA,91604,US
34.1687,-118.3713,1,North Hollywood,CA,91601,US
34.151,-118.3663,1,North Hollywood,CA,91602,US
33.8925,-118.2961,1,Gardena,CA,90247,US
34.0448,-118.2434,1,Los Angeles,CA,90013,US
33.9797,-117.7308,1,Chino Hills,CA,91709,US
33.5701,-117.7086,1,Aliso Viejo,CA,92656,US
32.9756,-117.0402,1,Poway,CA,92064,US
32.7604,-117.0115,1,La Mesa,CA,91941,US
36.152,-115.1092,1,Las Vegas,NV,89104,US
36.0119,-115.0433,1,Henderson,NV,89012,US
49.7078269,-114.9804425,1,Sparwood,BC,V0B 2G2,CA
51.0298049,-113.8124238,1,Chestermere,AB,T1X 1A6,CA
34.5917,-112.4265,1,Prescott,AZ,86301,US
33.6021,-112.3736,1,Surprise,AZ,85379,US
33.7352,-112.1294,1,Phoenix,AZ,85083,US
33.6819,-112.0996,1,Phoenix,AZ,85027,US
33.4665,-111.9984,1,Phoenix,AZ,85008,US
40.6254,-111.9677,1,West Jordan,UT,84084,US
33.8851,-111.9349,1,Cave Creek,AZ,85331,US
33.0073,-111.9324,1,Maricopa,AZ,85138,US
33.3665,-111.9312,1,Tempe,AZ,85283,US
40.3958,-111.8506,1,Lehi,UT,84043,US
35.1545,-111.6789,2,Flagstaff,AZ,86005,US
35.1859,-111.662,1,Flagstaff,AZ,86001,US
40.2607,-111.6549,1,Provo,UT,84604,US
35.2257,-111.5741,2,Flagstaff,AZ,86004,US
33.4001,-111.5028,1,Apache Junction,AZ,85119,US
32.4047,-111.2736,1,Marana,AZ,85653,US
32.2138,-110.824,1,Tucson,AZ,85710,US
37.3572,-107.9359,2,Durango,CO,81302,US
37.2874,-107.8617,3,Durango,CO,81301,US
34.0479,-106.8907,4,Socorro,NM,87801,US
35.1421,-106.7041,9,Albuquerque,NM,87120,US
35.2493,-106.6818,1,Rio Rancho,NM,87124,US
35.1868,-106.6652,2,Albuquerque,NM,87114,US
35.1104,-106.5781,1,Albuquerque,NM,87110,US
35.0726,-106.5749,1,Albuquerque,NM,87108,US
35.1347,-106.5222,1,Albuquerque,NM,87111,US
35.1787,-106.5102,1,Albuquerque,NM,87122,US
40.2357,-105.3231,2,Lyons,CO,80540,US
40.5473,-105.1076,1,Fort Collins,CO,80526,US
40.5813,-105.1039,1,Fort Collins,CO,80521,US
40.1779,-105.1009,1,Longmont,CO,80501,US
40.3849,-105.0916,1,Loveland,CO,80537,US
39.6206,-105.0901,1,Littleton,CO,80123,US
40.5384,-105.0547,3,Fort Collins,CO,80525,US
39.9108,-105.0109,1,Denver,CO,80234,US
39.5994,-105.0044,1,Littleton,CO,80120,US
39.7491,-104.9946,2,Denver,CO,80202,US
39.7327,-104.9717,1,Denver,CO,80218,US
39.759,-104.9661,1,Denver,CO,80205,US
39.6971,-104.8819,1,Denver,CO,80247,US
39.4455,-104.853,1,Castle Rock,CO,80108,US
39.6662,-104.835,2,Aurora,CO,80014,US
38.8076,-104.7403,1,Colorado Springs,CO,80916,US
38.886,-104.7399,1,Colorado Springs,CO,80917,US
39.7388,-104.4083,1,Denver,CO,80238,US
41.138,-102.9856,1,Sidney,NE,69162,US
33.7157,-102.7796,2,Morton,TX,79346,US
31.9375,-102.3944,1,Odessa,TX,79765,US
32.0199,-102.1476,2,Midland,TX,79707,US
31.9896,-102.0626,1,Midland,TX,79701,US
33.5924,-101.9367,2,Lubbock,TX,79416,US
33.5497,-101.9187,6,Lubbock,TX,79414,US
33.5466,-101.8871,1,Lubbock,TX,79413,US
33.5146,-101.8795,3,Lubbock,TX,79423,US
33.5463,-101.8577,2,Lubbock,TX,79412,US
35.0763,-101.8349,2,Amarillo,TX,79118,US
35.2273,-100.7592,1,Alanreed,TX,79002,US
31.4782,-100.4818,1,San Angelo,TX,76901,US
32.392,-99.7746,1,Abilene,TX,79606,US
32.432,-99.7724,5,Abilene,TX,79605,US
32.4679,-99.7619,1,Abilene,TX,79603,US
27.6357,-99.5923,1,Laredo,TX,78045,US
27.5569,-99.4907,1,Laredo,TX,78041,US
32.3916,-99.3777,1,Baird,TX,79504,US
30.0416,-99.1408,3,Kerrville,TX,78028,US
29.4599,-98.7479,1,San Antonio,TX,78253,US
29.5551,-98.7442,3,San Antonio,TX,78254,US
29.4189,-98.6895,1,San Antonio,TX,78245,US
29.6701,-98.6873,1,San Antonio,TX,78255,US
29.8931,-98.6857,3,Boerne,TX,78006,US
29.451,-98.6169,2,San Antonio,TX,78238,US
29.5612,-98.6117,7,San Antonio,TX,78249,US
29.5189,-98.6006,3,San Antonio,TX,78240,US
33.8581,-98.5755,3,Wichita Falls,TX,76310,US
34.086,-98.5708,7,Burkburnett,TX,76354,US
29.5042,-98.5697,1,San Antonio,TX,78229,US
29.5407,-98.5521,3,San Antonio,TX,78230,US
33.8931,-98.5343,3,Wichita Falls,TX,76309,US
33.8633,-98.534,1,Wichita Falls,TX,76308,US
33.9053,-98.4976,1,Wichita Falls,TX,76301,US
29.5334,-98.4975,1,San Antonio,TX,78216,US
29.6562,-98.4967,3,San Antonio,TX,78258,US
28.9924,-98.4831,2,Pleasanton,TX,78064,US
29.5863,-98.4769,3,San Antonio,TX,78232,US
29.7026,-98.4759,2,San Antonio,TX,78260,US
34.6179,-98.4552,1,Lawton,OK,73505,US
29.7055,-98.4191,1,San Antonio,TX,78261,US
29.4969,-98.4032,1,San Antonio,TX,78218,US
34.6246,-98.3895,1,Lawton,OK,73507,US
29.5563,-98.3643,2,San Antonio,TX,78233,US
32.0909,-98.3455,2,Dublin,TX,76446,US
29.5173,-98.3217,1,Converse,TX,78109,US
26.0807891,-98.2999479,1,Reynosa,Tamaulipas,88670,MX
29.579,-98.2778,1,Schertz,TX,78154,US
26.2154,-98.2359,1,Mcallen,TX,78501,US
26.2556,-98.2303,2,Mcallen,TX,78504,US
29.575,-98.228,1,Cibolo,TX,78108,US
32.2214,-98.2224,2,Stephenville,TX,76401,US
26.2567,-98.1989,1,Mcallen,TX,78502,US
29.7565,-98.1983,3,New Braunfels,TX,78132,US
26.2792,-98.1832,2,Edinburg,TX,78539,US
29.7229,-98.0742,5,New Braunfels,TX,78130,US
31.0887,-98.0099,1,Kempner,TX,76539,US
29.5613,-97.9628,1,Seguin,TX,78155,US
30.3705,-97.9427,2,Austin,TX,78734,US
30.2107,-97.9427,2,Austin,TX,78737,US
29.8754,-97.9404,12,San Marcos,TX,78666,US
34.5073,-97.9403,3,Duncan,OK,73533,US
38.055,-97.9311,1,Hutchinson,KS,67501,US
30.2444,-97.916,1,Austin,TX,78736,US
30.172,-97.8784,3,Austin,TX,78739,US
30.5835,-97.8575,5,Leander,TX,78641,US
30.2166,-97.8508,1,Austin,TX,78749,US
30.249,-97.8414,1,Austin,TX,78735,US
29.9966,-97.8335,4,Kyle,TX,78640,US
30.1743,-97.8225,3,Austin,TX,78748,US
30.2971,-97.8181,1,Austin,TX,78746,US
30.4772,-97.8176,4,Cedar Park,TX,78613,US
30.4224,-97.7967,3,Austin,TX,78750,US
30.2063,-97.7956,7,Austin,TX,78745,US
32.425,-97.7742,5,Granbury,TX,76048,US
30.3264,-97.7713,1,Austin,TX,78709,US
30.4521,-97.7688,3,Austin,TX,78729,US
30.2428,-97.7658,3,Austin,TX,78704,US
30.2907,-97.7648,1,Austin,TX,78703,US
30.3471,-97.7609,2,Austin,TX,78731,US
30.7177,-97.7543,1,Georgetown,TX,78633,US
30.4036,-97.7526,5,Austin,TX,78759,US
30.506,-97.7472,1,Austin,TX,78717,US
30.2713,-97.7426,3,Austin,TX,78701,US
30.2896,-97.7396,6,Austin,TX,78705,US
30.3223,-97.739,1,Austin,TX,78756,US
35.4977,-97.7323,1,Yukon,OK,73099,US
30.3437,-97.7316,2,Austin,TX,78757,US
32.4488,-97.7285,2,Granbury,TX,76049,US
30.3093,-97.7242,4,Austin,TX,78751,US
30.2315,-97.7223,8,Austin,TX,78741,US
30.4254,-97.7195,1,Austin,TX,78727,US
30.2893,-97.715,1,Austin,TX,78722,US
30.3764,-97.7078,3,Austin,TX,78758,US
30.5084,-97.7062,5,Round Rock,TX,78681,US
32.7495,-97.6894,3,Weatherford,TX,76087,US
30.3649,-97.6827,3,Austin,TX,78753,US
30.4417,-97.6811,2,Austin,TX,78728,US
29.8868,-97.6769,1,Lockhart,TX,78644,US
30.5145,-97.668,1,Round Rock,TX,78664,US
30.5145,-97.668,4,Round Rock,TX,78665,US
30.3423,-97.6673,5,Austin,TX,78754,US
37.6767,-97.66,1,Garden Plain,KS,67050,US
35.5043,-97.6399,8,Bethany,OK,73008,US
30.296,-97.6396,1,Austin,TX,78724,US
32.966,-97.635,2,Springtown,TX,76082,US
30.4421,-97.6299,5,Pflugerville,TX,78660,US
35.2453,-97.6216,1,Newcastle,OK,73065,US
27.8458,-97.596,2,Corpus Christi,TX,78410,US
35.5184,-97.5746,3,Oklahoma City,OK,73112,US
33.2351,-97.574,2,Decatur,TX,76234,US
30.5257,-97.5672,2,Hutto,TX,78634,US
35.5835,-97.5638,1,Oklahoma City,OK,73120,US
35.6174,-97.5583,5,Oklahoma City,OK,73134,US
35.327,-97.5556,2,Oklahoma City,OK,73170,US
32.9035,-97.5412,6,Azle,TX,76020,US
37.6575,-97.5364,1,Goddard,KS,67052,US
35.3792,-97.5362,1,Oklahoma City,OK,73139,US
35.491,-97.5196,3,Oklahoma City,OK,73103,US
35.722,-97.5133,4,Edmond,OK,73025,US
35.4794,-97.5017,1,Oklahoma City,OK,73104,US
35.6748,-97.4997,2,Edmond,OK,73003,US
32.7822,-97.4969,3,Fort Worth,TX,76108,US
35.199,-97.4841,1,Norman,OK,73072,US
33.054,-97.4817,2,Rhome,TX,76078,US
35.6665,-97.4798,1,Edmond,OK,73034,US
35.334,-97.4768,2,Oklahoma City,OK,73160,US
35.6215,-97.4733,4,Edmond,OK,73012,US
35.6215,-97.4733,7,Edmond,OK,73013,US
35.5797,-97.4691,3,Oklahoma City,OK,73131,US
35.2204,-97.4577,2,Norman,OK,73069,US
32.8248,-97.4519,6,Fort Worth,TX,76135,US
32.723,-97.4483,8,Fort Worth,TX,76116,US
37.7007,-97.4383,1,Wichita,KS,67212,US
32.9074,-97.4257,7,Fort Worth,TX,76179,US
32.3509,-97.4103,1,Cleburne,TX,76033,US
35.233,-97.4067,8,Norman,OK,73071,US
32.6711,-97.4056,4,Fort Worth,TX,76132,US
35.4605,-97.3974,1,Oklahoma City,OK,73110,US
31.4431,-97.3943,1,Mc Gregor,TX,76657,US
31.071,-97.3898,6,Temple,TX,76502,US
32.7392,-97.3852,8,Fort Worth,TX,76107,US
32.7002,-97.3789,2,Fort Worth,TX,76109,US
32.6526,-97.3758,5,Fort Worth,TX,76133,US
32.5814,-97.3703,8,Crowley,TX,76036,US
32.6254,-97.3658,1,Fort Worth,TX,76123,US
32.7811,-97.3546,1,Fort Worth,TX,76164,US
27.7061,-97.3537,1,Corpus Christi,TX,78412,US
35.1417,-97.3409,1,Noble,OK,73068,US
32.8632,-97.3377,6,Fort Worth,TX,76131,US
32.7065,-97.3375,4,Fort Worth,TX,76110,US
32.9557,-97.3372,4,Haslet,TX,76052,US
32.6796,-97.3336,1,Fort Worth,TX,76115,US
32.6469,-97.3325,1,Fort Worth,TX,76134,US
32.7589,-97.328,1,Fort Worth,TX,76102,US
37.7719,-97.3175,1,Wichita,KS,67219,US
27.8935,-97.3169,1,Portland,TX,78374,US
32.9448,-97.3124,3,Fort Worth,TX,76177,US
32.5316,-97.309,4,Burleson,TX,76028,US
32.7824,-97.3003,2,Fort Worth,TX,76111,US
30.1388,-97.2921,1,Bastrop,TX,78602,US
35.2343,-97.2914,1,Norman,OK,73026,US
35.5753,-97.2891,1,Jones,OK,73049,US
32.8664,-97.2891,25,Fort Worth,TX,76137,US
32.931,-97.2843,27,Keller,TX,76244,US
37.669,-97.2802,2,Wichita,KS,67218,US
32.6192,-97.2735,3,Fort Worth,TX,76140,US
32.747,-97.2604,3,Fort Worth,TX,76103,US
32.8621,-97.2508,6,Fort Worth,TX,76148,US
32.9276,-97.2489,10,Keller,TX,76248,US
37.7379,-97.2479,1,Wichita,KS,67226,US
31.5051,-97.2311,4,Woodway,TX,76712,US
37.7038,-97.2253,2,Wichita,KS,67206,US
32.84,-97.225,12,North Richland Hills,TX,76180,US
32.7493,-97.2181,3,Fort Worth,TX,76112,US
37.671,-97.2179,3,Wichita,KS,67207,US
32.6432,-97.2139,1,Kennedale,TX,76060,US
32.4395,-97.213,1,Alvarado,TX,76009,US
33.0211,-97.2127,13,Roanoke,TX,76262,US
32.8828,-97.2098,10,North Richland Hills,TX,76182,US
32.8013,-97.1952,1,Fort Worth,TX,76118,US
32.6889,-97.1905,1,Arlington,TX,76016,US
33.3563,-97.1814,1,Sanger,TX,76266,US
33.2285,-97.1813,7,Denton,TX,76207,US
34.1566,-97.1792,3,Ardmore,OK,73401,US
32.8211,-97.1756,10,Hurst,TX,76053,US
32.8558,-97.1755,3,Hurst,TX,76054,US
33.1062,-97.16,5,Argyle,TX,76226,US
32.6555,-97.1599,16,Arlington,TX,76017,US
33.6547,-97.1583,2,Gainesville,TX,76240,US
32.9485,-97.1524,9,Southlake,TX,76092,US
32.6289,-97.1517,6,Arlington,TX,76001,US
32.8872,-97.146,5,Colleyville,TX,76034,US
32.8297,-97.1454,3,Bedford,TX,76022,US
32.7199,-97.1442,15,Arlington,TX,76013,US
32.5773,-97.1416,8,Mansfield,TX,76063,US
32.8536,-97.1358,19,Bedford,TX,76021,US
32.754,-97.1348,8,Arlington,TX,76012,US
32.6931,-97.1347,1,Arlington,TX,76015,US
33.2289,-97.1314,10,Denton,TX,76201,US
33.1903,-97.1282,9,Denton,TX,76205,US
31.5171,-97.1198,10,Waco,TX,76706,US
33.0268,-97.1193,3,Flower Mound,TX,75022,US
33.2074,-97.1163,1,Lewisville,TX,75029,US
33.2346,-97.1131,8,Denton,TX,76209,US
32.433,-97.1087,2,Venus,TX,76084,US
32.7582,-97.1003,7,Arlington,TX,76011,US
32.8264,-97.0972,7,Euless,TX,76040,US
32.6548,-97.092,10,Arlington,TX,76018,US
32.7785,-97.0834,1,Arlington,TX,76006,US
32.8582,-97.0832,15,Euless,TX,76039,US
32.7204,-97.0826,1,Arlington,TX,76010,US
32.9328,-97.0808,26,Grapevine,TX,76051,US
32.6255,-97.0784,8,Arlington,TX,76002,US
33.0383,-97.0745,6,Flower Mound,TX,75028,US
33.1428,-97.0727,18,Denton,TX,76210,US
33.0775,-97.0704,10,Lewisville,TX,75077,US
36.1396,-97.063,3,Stillwater,OK,74075,US
33.2117,-97.0612,8,Denton,TX,76208,US
36.1043,-97.0609,3,Stillwater,OK,74074,US
32.5907,-97.0405,2,Grand Prairie,TX,75054,US
28.7525,-97.0338,2,Victoria,TX,77905,US
32.6605,-97.0311,11,Grand Prairie,TX,75052,US
32.7649,-97.0112,5,Grand Prairie,TX,75050,US
33.0532,-96.9999,3,Lewisville,TX,75057,US
49.9247465,-96.997877,1,Winnipeg,MB,R2C 2Z2,CA
32.4757,-96.9936,15,Midlothian,TX,76065,US
33.0198,-96.9925,24,Lewisville,TX,75067,US
32.8653,-96.9905,1,Irving,TX,75038,US
33.292,-96.9879,4,Aubrey,TX,76227,US
32.9673,-96.9805,6,Coppell,TX,75019,US
32.8479,-96.974,8,Irving,TX,75062,US
32.8267,-96.9633,1,Irving,TX,75061,US
32.9247,-96.9598,11,Irving,TX,75063,US
32.8023,-96.9597,6,Irving,TX,75060,US
33.1768,-96.9583,7,Little Elm,TX,75068,US
32.636,-96.9493,2,Dallas,TX,75249,US
32.5885,-96.9438,5,Cedar Hill,TX,75104,US
32.8697,-96.9389,3,Irving,TX,75039,US
32.6587,-96.9114,1,Duncanville,TX,75116,US
32.6347,-96.9113,2,Duncanville,TX,75137,US
32.7319,-96.9057,1,Dallas,TX,75211,US
32.9245,-96.8938,10,Dallas,TX,75234,US
33.2559,-96.8853,4,Frisco,TX,75033,US
49.855687,-96.8836588,1,Dugald,MB,R0E 0K0,CA
33.094,-96.8836,23,The Colony,TX,75056,US
32.9657,-96.8825,11,Carrollton,TX,75006,US
33.0033,-96.882,14,Carrollton,TX,75007,US
33.659,-96.879,2,Whitesboro,TX,76273,US
33.0304,-96.8777,13,Carrollton,TX,75010,US
32.7829,-96.8714,1,Dallas,TX,75212,US
32.6041,-96.8653,4,Desoto,TX,75115,US
32.8681,-96.8622,5,Dallas,TX,75220,US
32.8958,-96.8588,6,Dallas,TX,75229,US
37.8226,-96.8543,1,El Dorado,KS,67042,US
32.7492,-96.8389,1,Dallas,TX,75208,US
32.8252,-96.8388,1,Dallas,TX,75235,US
32.7114,-96.8387,1,Dallas,TX,75224,US
32.96,-96.8385,5,Addison,TX,75001,US
32.3808,-96.8374,3,Waxahachie,TX,75165,US
32.9322,-96.8353,2,Dallas,TX,75244,US
33.0005,-96.8314,12,Dallas,TX,75287,US
49.9335171,-96.8294935,1,Oakbank,MB,R0E 1J2,CA
32.8456,-96.826,4,Dallas,TX,75209,US
33.1499,-96.8241,7,Frisco,TX,75034,US
32.9503,-96.819,5,Dallas,TX,75254,US
32.8132,-96.8142,1,Dallas,TX,75219,US
32.5185,-96.8071,6,Red Oak,TX,75154,US
32.7904,-96.8044,6,Dallas,TX,75201,US
33.2362,-96.7954,9,Prosper,TX,75078,US
32.9682,-96.7942,7,Dallas,TX,75248,US
32.9968,-96.7921,10,Dallas,TX,75252,US
32.8628,-96.7918,2,Dallas,TX,75225,US
32.8999,-96.7897,8,Dallas,TX,75230,US
33.0299,-96.7889,11,Plano,TX,75093,US
32.9374,-96.7872,6,Dallas,TX,75240,US
32.8038,-96.7851,5,Dallas,TX,75204,US
32.826,-96.7843,5,Dallas,TX,75205,US
33.0752,-96.7843,14,Plano,TX,75024,US
32.6161,-96.783,1,Lancaster,TX,75134,US
32.7673,-96.7776,1,Carrollton,TX,75011,US
32.7673,-96.7776,1,Dallas,TX,75275,US
32.5914,-96.7728,1,Lancaster,TX,75146,US
32.831,-96.7692,5,Dallas,TX,75206,US
32.7582,-96.7623,3,Dallas,TX,75215,US
33.2141,-96.7533,2,Mc Kinney,TX,75071,US
33.1377,-96.7524,8,Frisco,TX,75035,US
32.8248,-96.7498,3,Dallas,TX,75214,US
32.8756,-96.7495,5,Dallas,TX,75231,US
40.7934,-96.7479,1,Lincoln,NE,68522,US
32.7942,-96.7475,1,Dallas,TX,75223,US
32.966,-96.7452,20,Richardson,TX,75080,US
33.025,-96.7397,9,Plano,TX,75075,US
33.055,-96.7365,13,Plano,TX,75023,US
34.9708,-96.7343,2,Konawa,OK,74849,US
33.0784,-96.7291,29,Plano,TX,75025,US
32.9103,-96.7285,5,Dallas,TX,75243,US
32.877,-96.708,2,Dallas,TX,75238,US
32.6396,-96.707,1,Hutchins,TX,75141,US
32.9462,-96.7058,15,Richardson,TX,75081,US
32.9865,-96.686,2,Richardson,TX,75082,US
32.7672,-96.6836,3,Dallas,TX,75227,US
32.825,-96.6784,3,Dallas,TX,75228,US
33.0277,-96.6777,8,Plano,TX,75074,US
32.9185,-96.6775,1,Garland,TX,75042,US
33.1186,-96.6773,10,Allen,TX,75013,US
32.7244,-96.6755,1,Dallas,TX,75217,US
32.9522,-96.6654,13,Garland,TX,75044,US
33.1951,-96.6642,27,Mc Kinney,TX,75070,US
40.7568,-96.6523,1,Lincoln,NE,68516,US
33.0934,-96.6454,26,Allen,TX,75002,US
32.8794,-96.6411,2,Garland,TX,75041,US
32.9227,-96.6248,6,Garland,TX,75040,US
32.3321,-96.6224,3,Ennis,TX,75119,US
33.0148,-96.6189,1,Plano,TX,75094,US
32.7212,-96.6153,1,Mesquite,TX,75180,US
33.1966,-96.6085,7,Mc Kinney,TX,75069,US
32.7678,-96.6082,3,Mesquite,TX,75149,US
32.8565,-96.5999,7,Garland,TX,75043,US
32.6833,-96.5964,1,Dallas,TX,75253,US
39.1938,-96.5858,1,Manhattan,KS,66502,US
32.9504,-96.5753,12,Garland,TX,75048,US
33.2841,-96.574,8,Melissa,TX,75454,US
33.1936,-96.5699,1,Plano,TX,75026,US
33.3445,-96.5639,6,Anna,TX,75409,US
32.797,-96.5616,1,Sunnyvale,TX,75182,US
32.9346,-96.5544,13,Rowlett,TX,75089,US
32.9031,-96.5472,7,Rowlett,TX,75088,US
33.0041,-96.5394,16,Wylie,TX,75098,US
33.9944,-96.5299,1,Mead,OK,73449,US
33.7169,-96.5235,1,Denison,TX,75021,US
33.1555,-96.4981,1,Princeton,TX,75407,US
32.5975,-96.4637,1,Crandall,TX,75114,US
32.7491,-96.4598,23,Forney,TX,75126,US
32.9492,-96.4418,22,Rockwall,TX,75087,US
33.0139,-96.4377,3,Lavon,TX,75166,US
40.8169,-96.429,1,Eagle,NE,68347,US
32.886,-96.4095,10,Rockwall,TX,75032,US
40.8992,-96.4036,1,Alvo,NE,68304,US
34.0061,-96.3847,11,Durant,OK,74701,US
42.5032,-96.3829,1,Sioux City,IA,51105,US
35.8209,-96.3758,1,Bristow,OK,74010,US
33.1659,-96.3686,4,Farmersville,TX,75442,US
32.9628,-96.3648,4,Royse City,TX,75189,US
33.8016,-96.3581,2,Hendrix,OK,74741,US
30.6582,-96.3351,1,Bryan,TX,77802,US
30.5118,-96.3171,1,College Station,TX,77845,US
30.6045,-96.3123,4,College Station,TX,77840,US
32.7515,-96.2831,4,Terrell,TX,75160,US
34.1157,-96.26,1,Caddo,OK,74729,US
33.0683,-96.2391,1,Caddo Mills,TX,75135,US
33.4044,-96.2238,2,Leonard,TX,75452,US
28.715,-96.2154,1,Palacios,TX,77465,US
32.7332,-96.195,2,Terrell,TX,75161,US
33.9859,-96.1621,1,Bokchito,OK,74726,US
34.3445,-96.1418,1,Atoka,OK,74525,US
33.1854,-96.1304,1,Greenville,TX,75401,US
32.2972,-96.1184,2,Mabank,TX,75156,US
36.003,-96.1106,1,Sapulpa,OK,74066,US
33.1047,-96.0927,3,Greenville,TX,75402,US
32.1383,-96.0831,1,Trinidad,TX,75163,US
34.4676,-96.0002,1,Stringtown,OK,74569,US
36.0948,-95.9655,1,Tulsa,OK,74105,US
36.1464,-95.9526,2,Tulsa,OK,74104,US
36.0605,-95.9452,4,Tulsa,OK,74136,US
33.151,-95.9439,1,Campbell,TX,75422,US
36.1262,-95.9408,3,Tulsa,OK,74114,US
41.1156,-95.9393,1,Bellevue,NE,68123,US
36.7366,-95.9251,4,Bartlesville,OK,74006,US
36.0976,-95.9228,2,Tulsa,OK,74135,US
41.1497,-95.9099,3,Bellevue,NE,68005,US
33.2493,-95.9097,3,Commerce,TX,75428,US
32.5143,-95.9047,1,Canton,TX,75103,US
36.0467,-95.8841,3,Tulsa,OK,74133,US
36.1093,-95.8506,2,Tulsa,OK,74146,US
29.8678,-95.8298,1,Katy,TX,77493,US
36.1162,-95.8225,1,Tulsa,OK,74134,US
36.2863,-95.8222,2,Owasso,OK,74055,US
36.0447,-95.8079,8,Broken Arrow,OK,74012,US
29.6436,-95.798,1,Richmond,TX,77406,US
32.875,-95.7418,1,Emory,TX,75440,US
29.8323,-95.736,3,Katy,TX,77449,US
33.1155,-95.7345,1,Brashear,TX,75420,US
29.5511,-95.7329,3,Richmond,TX,77469,US
29.745,-95.7326,2,Katy,TX,77450,US
29.6625,-95.7272,1,Richmond,TX,77407,US
36.0544,-95.7223,2,Broken Arrow,OK,74014,US
30.4411,-95.7097,8,Montgomery,TX,77356,US
29.8836,-95.7025,5,Cypress,TX,77433,US
34.0366,-95.6916,1,Soper,OK,74759,US
30.0615,-95.6821,2,Tomball,TX,77377,US
29.844,-95.6623,1,Houston,TX,77084,US
29.6947,-95.6511,2,Houston,TX,77083,US
29.8941,-95.6481,3,Houston,TX,77095,US
29.9766,-95.6358,4,Cypress,TX,77429,US
30.0739,-95.6201,1,Tomball,TX,77375,US
29.5785,-95.6066,1,Sugar Land,TX,77479,US
29.7477,-95.603,6,Houston,TX,77077,US
36.3242,-95.5985,1,Claremore,OK,74017,US
29.7738,-95.598,2,Houston,TX,77079,US
33.1345,-95.5922,2,Sulphur Springs,TX,75482,US
29.8602,-95.5817,2,Houston,TX,77041,US
29.9781,-95.5803,1,Houston,TX,77070,US
29.6228,-95.5678,3,Stafford,TX,77477,US
29.8052,-95.5607,5,Houston,TX,77043,US
29.919,-95.5569,1,Houston,TX,77064,US
30.2333,-95.5502,4,Magnolia,TX,77354,US
29.5704,-95.5423,2,Missouri City,TX,77459,US
30.0377,-95.5326,2,Spring,TX,77379,US
33.7779,-95.5307,1,Powderly,TX,75473,US
30.3217,-95.5285,1,Conroe,TX,77304,US
30.2106,-95.5257,3,Spring,TX,77382,US
29.8159,-95.523,1,Houston,TX,77080,US
29.7696,-95.5201,4,Houston,TX,77024,US
29.6518,-95.5176,2,Houston,TX,77071,US
32.0535,-95.5163,1,Frankston,TX,75763,US
30.1044,-95.5066,2,Spring,TX,77389,US
30.1716,-95.4985,5,Spring,TX,77381,US
30.2257,-95.4924,1,Conroe,TX,77384,US
33.6805,-95.4905,1,Paris,TX,75462,US
29.7422,-95.4903,5,Houston,TX,77057,US
29.6722,-95.4861,1,Houston,TX,77096,US
30.1441,-95.4703,4,Spring,TX,77380,US
29.7446,-95.4683,3,Houston,TX,77056,US
29.5962,-95.4587,1,Houston,TX,77053,US
29.8817,-95.4539,1,Houston,TX,77088,US
29.4203,-95.4537,1,Rosharon,TX,77583,US
30.0167,-95.447,2,Houston,TX,77090,US
29.0393,-95.4401,1,Lake Jackson,TX,77566,US
29.7179,-95.4263,2,Houston,TX,77005,US
30.1288,-95.4239,7,Spring,TX,77386,US
29.735,-95.4118,1,Houston,TX,77098,US
29.7991,-95.4118,1,Houston,TX,77008,US
29.7736,-95.4034,1,Houston,TX,77007,US
32.5062,-95.4006,2,Lindale,TX,75771,US
29.7409,-95.3923,4,Houston,TX,77006,US
34.1508,-95.3771,2,Spencerville,OK,74760,US
29.6254,-95.375,2,Houston,TX,77047,US
29.7247,-95.3625,4,Houston,TX,77004,US
29.7594,-95.3594,1,Houston,TX,77002,US
29.4694,-95.3503,2,Manvel,TX,77578,US
29.7489,-95.3391,3,Houston,TX,77003,US
29.5405,-95.3208,2,Pearland,TX,77584,US
36.2921,-95.3129,1,Pryor,OK,74361,US
32.2768,-95.3031,5,Tyler,TX,75703,US
38.9407,-95.2779,1,Lawrence,KS,66047,US
29.5617,-95.2721,4,Pearland,TX,77581,US
31.9618,-95.2703,1,Jacksonville,TX,75766,US
29.9507,-95.2622,3,Humble,TX,77396,US
29.412,-95.2515,3,Alvin,TX,77511,US
33.6627,-95.2385,1,Detroit,TX,75436,US
36.2925,-95.2228,1,Pryor,OK,74362,US
29.594,-95.2218,1,Houston,TX,77089,US
30.0563,-95.2107,3,Humble,TX,77339,US
39.0289,-95.2086,1,Lawrence,KS,66044,US
32.3038,-95.1927,2,Tyler,TX,75707,US
29.6501,-95.1885,2,Pasadena,TX,77504,US
29.5224,-95.1879,6,Friendswood,TX,77546,US
29.7853,-95.1852,1,Houston,TX,77015,US
30.0566,-95.1707,6,Humble,TX,77345,US
29.6518,-95.1464,1,Pasadena,TX,77505,US
29.5564,-95.144,1,Webster,TX,77598,US
29.5721,-95.1303,3,Houston,TX,77062,US
29.6826,-95.1222,1,Deer Park,TX,77536,US
29.5975,-95.1134,1,Houston,TX,77059,US
29.5716,-95.0998,1,Houston,TX,77058,US
29.5173,-95.0963,13,League City,TX,77573,US
29.9249,-95.0578,1,Crosby,TX,77532,US
29.5832,-95.037,2,Seabrook,TX,77586,US
29.4585,-95.0345,1,Dickinson,TX,77539,US
30.33,-95.0202,1,Cleveland,TX,77327,US
41.4003,-95.0101,1,Atlantic,IA,50022,US
29.3398,-94.9926,1,Hitchcock,TX,77563,US
33.1733,-94.9695,1,Mount Pleasant,TX,75455,US
32.6044,-94.8491,4,Gilmer,TX,75645,US
32.5251,-94.799,7,Longview,TX,75604,US
29.2983,-94.793,4,Galveston,TX,77550,US
32.5547,-94.7767,6,Longview,TX,75605,US
36.5929,-94.7565,1,Grove,OK,74344,US
37.0281,-94.7393,1,Baxter Springs,KS,66713,US
38.9273,-94.7143,2,Shawnee Mission,KS,66210,US
38.8636,-94.7103,1,Shawnee Mission,KS,66221,US
31.6737,-94.6932,2,Nacogdoches,TX,75964,US
39.1375,-94.6792,1,Kansas City,KS,66104,US
32.3266,-94.596,1,Tatum,TX,75691,US
39.0565,-94.5929,1,Kansas City,MO,64111,US
39.2133,-94.5743,2,Kansas City,MO,64118,US
39.2758,-94.5704,1,Kansas City,MO,64155,US
36.4794,-94.4521,1,Sulphur Springs,AR,72768,US
30.5185,-94.4458,1,Village Mills,TX,77663,US
35.9569,-94.4272,2,Lincoln,AR,72744,US
35.3653,-94.411,5,Fort Smith,AR,72901,US
35.3219,-94.4028,8,Fort Smith,AR,72908,US
31.8841,-94.3967,1,Timpson,TX,75975,US
35.4051,-94.3872,1,Fort Smith,AR,72904,US
35.3427,-94.3784,6,Fort Smith,AR,72903,US
30.1491,-94.3733,1,Sour Lake,TX,77659,US
35.454,-94.3278,4,Van Buren,AR,72956,US
36.0877,-94.3093,2,Fayetteville,AR,72704,US
30.085,-94.2607,1,Beaumont,TX,77713,US
35.1955,-94.253,1,Greenwood,AR,72936,US
36.3577,-94.2224,1,Bentonville,AR,72712,US
30.2818,-94.2191,7,Lumberton,TX,77657,US
35.5,-94.2073,1,Alma,AR,72921,US
33.4113,-94.1774,1,Texarkana,TX,75501,US
36.1835,-94.1762,2,Springdale,AR,72762,US
30.0686,-94.1755,1,Beaumont,TX,77707,US
36.0992,-94.1716,8,Fayetteville,AR,72703,US
30.0948,-94.1648,6,Beaumont,TX,77706,US
36.3169,-94.1545,1,Rogers,AR,72758,US
36.052,-94.1534,3,Fayetteville,AR,72701,US
36.3363,-94.1148,3,Rogers,AR,72756,US
36.2433,-94.0827,2,Lowell,AR,72745,US
44.1538,-93.996,1,Mankato,MN,56001,US
36.5807,-93.992,1,Washburn,MO,65772,US
35.5172,-93.9885,1,Mulberry,AR,72947,US
29.9212,-93.927,2,Port Arthur,TX,77642,US
30.0709,-93.8659,4,Orange,TX,77630,US
30.0631,-93.8599,1,Orangefield,TX,77639,US
37.1045,-93.7976,1,Mount Vernon,MO,65712,US
45.3506,-93.7399,2,Big Lake,MN,55309,US
32.3912,-93.7116,2,Shreveport,LA,71106,US
42.0486,-93.6945,1,Ames,IA,50014,US
41.7549,-93.6893,1,Polk City,IA,50226,US
32.3401,-93.6092,1,Shreveport,LA,71115,US
42.0379,-93.6003,1,Ames,IA,50010,US
44.9847,-93.5422,2,Wayzata,MN,55391,US
35.4908,-93.4911,2,Clarksville,AR,72830,US
37.123,-93.48,2,Republic,MO,65738,US
37.6085,-93.4126,1,Bolivar,MO,65613,US
43.6537,-93.3707,1,Albert Lea,MN,56007,US
44.8735,-93.3346,1,Minneapolis,MN,55435,US
37.1136,-93.2896,4,Springfield,MO,65810,US
44.6749,-93.2578,1,Lakeville,MN,55044,US
44.8756,-93.2553,1,Minneapolis,MN,55423,US
37.1654,-93.2522,3,Springfield,MO,65804,US
44.786,-93.2202,1,Saint Paul,MN,55122,US
44.9779,-93.2199,1,Minneapolis,MN,55414,US
37.1852,-93.2057,2,Springfield,MO,65809,US
37.0169,-93.2022,3,Ozark,MO,65721,US
43.1499,-93.1954,1,Mason City,IA,50401,US
45.0788,-93.1872,2,Saint Paul,MN,55112,US
34.4689,-93.043,1,Hot Springs National Park,AR,71913,US
34.5268,-92.9587,1,Hot Springs National Park,AR,71901,US
42.7615,-92.783,1,Allison,IA,50602,US
34.7076,-92.466,2,Little Rock,AR,72210,US
42.5241,-92.4497,2,Cedar Falls,IA,50613,US
35.0842,-92.4236,2,Conway,AR,72032,US
42.4778,-92.3661,1,Waterloo,IA,50701,US
38.9348,-92.3639,3,Columbia,MO,65203,US
34.751,-92.3455,2,Little Rock,AR,72205,US
42.5149,-92.3269,1,Waterloo,IA,50703,US
31.2232,-92.3203,1,Pineville,LA,71360,US
38.995,-92.3112,1,Columbia,MO,65202,US
38.9382,-92.3049,1,Columbia,MO,65201,US
34.7363,-92.2741,1,Little Rock,AR,72202,US
32.5317,-92.176,1,West Monroe,LA,71291,US
32.5286,-92.1061,1,Monroe,LA,71201,US
30.2077,-92.0656,3,Lafayette,LA,70506,US
30.1843,-92.0497,1,Lafayette,LA,70503,US
34.9457,-92.0318,1,Cabot,AR,72023,US
30.1582,-92.0236,4,Lafayette,LA,70508,US
37.9008,-91.8807,1,Newburg,MO,65550,US
30.001,-91.82,2,New Iberia,LA,70560,US
30.0245,-91.7496,1,New Iberia,LA,70563,US
41.7443,-91.6061,1,North Liberty,IA,52317,US
41.6649,-91.5151,1,Iowa City,IA,52245,US
40.633,-91.3398,1,Fort Madison,IA,52627,US
30.1018,-90.997,2,Donaldsonville,LA,70346,US
30.3073,-90.9405,1,Prairieville,LA,70769,US
30.6085,-90.9038,1,Denham Springs,LA,70706,US
30.459,-90.9027,3,Denham Springs,LA,70726,US
30.5247,-90.8557,1,Walker,LA,70785,US
30.2716,-90.7043,1,Maurepas,LA,70449,US
42.515,-90.6819,2,Dubuque,IA,52001,US
41.4913,-90.5648,1,Rock Island,IL,61201,US
38.577,-90.5255,2,Ballwin,MO,63021,US
36.7662,-90.4166,1,Poplar Bluff,MO,63901,US
38.5893,-90.3481,1,Saint Louis,MO,63119,US
38.5855,-90.2929,1,Saint Louis,MO,63109,US
38.5814,-90.2625,1,Saint Louis,MO,63116,US
32.3184,-90.2446,2,Jackson,MS,39209,US
29.9871,-90.1695,1,Metairie,LA,70001,US
32.2604,-90.0897,3,Jackson,MS,39208,US
29.9686,-90.0646,1,New Orleans,LA,70116,US
29.8872,-90.0331,1,Gretna,LA,70056,US
38.7609,-89.9706,2,Glen Carbon,IL,62034,US
35.1845,-89.8574,1,Memphis,TN,38134,US
35.2752,-89.7295,1,Arlington,TN,38002,US
39.8317,-89.6465,1,Springfield,IL,62702,US
43.0321,-89.4993,1,Madison,WI,53719,US
31.5285,-89.4816,1,Seminary,MS,39479,US
40.6148,-89.4604,1,Morton,IL,61550,US
39.8563,-89.4603,1,Dawson,IL,62520,US
43.0356,-89.4526,1,Madison,WI,53711,US
39.7778,-89.4064,1,Mechanicsburg,IL,62545,US
31.5797,-89.2231,1,Ellisville,MS,39437,US
42.6683,-89.0025,1,Janesville,WI,53546,US
40.4705,-88.9433,1,Bloomington,IL,61704,US
30.4383,-88.8989,1,Diberville,MS,39540,US
33.4255,-88.8791,1,Starkville,MS,39759,US
33.6265,-88.6823,1,West Point,MS,39773,US
41.7691,-88.6448,1,Hinckley,IL,60520,US
41.7593,-88.5376,4,Big Rock,IL,60511,US
41.7741,-88.4397,1,Sugar Grove,IL,60554,US
41.9478,-88.3918,1,Saint Charles,IL,60175,US
42.1641,-88.3064,1,Algonquin,IL,60102,US
36.6099,-88.3032,1,Murray,KY,42071,US
41.4615,-88.2786,1,Minooka,IL,60447,US
43.0128,-88.2705,1,Waukesha,WI,53188,US
43.1441,-88.2271,2,Sussex,WI,53089,US
41.5642,-88.2178,1,Plainfield,IL,60586,US
40.0746,-88.1691,1,Urbana,IL,61802,US
30.6729,-88.1009,4,Mobile,AL,36606,US
41.7862,-88.0879,1,Lisle,IL,60532,US
42.1458,-88.023,1,Palatine,IL,60074,US
43.1624,-87.9898,1,Milwaukee,WI,53223,US
41.5342,-87.8911,1,Mokena,IL,60448,US
43.082,-87.8895,1,Milwaukee,WI,53211,US
42.9105,-87.8646,1,South Milwaukee,WI,53172,US
41.7004,-87.8263,1,Palos Hills,IL,60465,US
41.8744,-87.8106,1,Forest Park,IL,60130,US
41.8925,-87.7895,1,Oak Park,IL,60302,US
41.7143,-87.7516,1,Oak Lawn,IL,60453,US
37.1834,-87.4605,1,Nortonville,KY,42442,US
41.5412,-87.3271,1,Gary,IN,46409,US
30.3737,-87.3126,3,Pensacola,FL,32507,US
35.7173,-86.9048,1,Spring Hill,TN,37174,US
36.1504,-86.7916,1,Nashville,TN,37203,US
35.6354,-86.6836,1,Chapel Hill,TN,37034,US
33.8462,-86.6417,2,Remlap,AL,35133,US
33.6339,-86.5981,1,Trussville,AL,35173,US
34.6679,-86.5603,1,Huntsville,AL,35802,US
42.022,-86.5119,1,Stevensville,MI,49127,US
36.3834,-86.4512,2,Gallatin,TN,37066,US
39.7629,-86.3996,2,Avon,IN,46123,US
39.7902,-85.8141,1,Greenfield,IN,46140,US
38.2149,-85.6245,2,Louisville,KY,40220,US
43.0135,-85.6027,1,Grand Rapids,MI,49525,US
44.8162,-85.5751,1,Traverse City,MI,49696,US
42.3518,-85.5621,1,Kalamazoo,MI,49004,US
38.2651,-85.5582,1,Louisville,KY,40223,US
43.7677,-85.5213,1,Paris,MI,49338,US
43.6897,-85.4797,1,Big Rapids,MI,49307,US
43.6017,-85.4446,1,Stanwood,MI,49346,US
40.6419,-85.2562,1,Poneto,IN,46781,US
40.7368,-85.1622,2,Bluffton,IN,46714,US
41.1465,-85.1232,2,Fort Wayne,IN,46825,US
41.1053,-85.0624,2,Fort Wayne,IN,46815,US
41.359,-85.0468,1,Auburn,IN,46706,US
41.9255,-85.0057,1,Coldwater,MI,49036,US
38.7807,-84.8496,1,Warsaw,KY,41095,US
43.3809,-84.6635,1,Alma,MI,48801,US
34.0287,-84.6047,2,Kennesaw,GA,30144,US
39.1524,-84.5967,1,Cincinnati,OH,45211,US
34.0707,-84.5894,1,Acworth,GA,30102,US
39.2045,-84.5799,1,Cincinnati,OH,45239,US
33.3915,-84.5635,1,Peachtree City,GA,30269,US
34.0378,-84.5038,1,Marietta,GA,30066,US
33.8796,-84.5023,1,Smyrna,GA,30080,US
34.0025,-84.4633,2,Marietta,GA,30062,US
33.7865,-84.4454,1,Atlanta,GA,30318,US
34.1993,-84.4199,1,Canton,GA,30115,US
33.791,-84.3992,1,Atlanta,GA,30363,US
33.786,-84.3514,1,Atlanta,GA,30306,US
30.4874,-84.3189,1,Tallahassee,FL,32303,US
39.3715,-84.2108,1,South Lebanon,OH,45065,US
34.2321,-84.158,1,Cumming,GA,30040,US
33.9845,-84.1529,1,Duluth,GA,30096,US
30.4651,-84.1128,1,Tallahassee,FL,32317,US
33.8635,-84.0081,1,Snellville,GA,30078,US
34.1124,-83.9965,1,Buford,GA,30518,US
43.6088,-83.953,1,Bay City,MI,48706,US
35.998,-83.9152,1,Knoxville,TN,37917,US
41.0449,-83.6457,1,Findlay,OH,45840,US
43.0348,-83.5268,4,Davison,MI,48423,US
42.5961,-83.3819,2,West Bloomfield,MI,48324,US
40.0985,-83.1537,1,Dublin,OH,43016,US
40.0322,-83.1383,1,Hilliard,OH,43026,US
42.6206,-82.9608,1,Clinton Township,MI,48038,US
40.5066,-82.9337,1,Cardington,OH,43315,US
38.5368,-82.9191,2,Greenup,KY,41144,US
42.6442,-82.8985,1,Macomb,MI,48044,US
40.5384,-82.8062,1,Mount Gilead,OH,43338,US
28.031,-82.7239,1,Clearwater,FL,33761,US
36.4715,-82.4834,1,Kingsport,TN,37663,US
28.1801,-82.4169,1,Lutz,FL,33559,US
34.8921,-82.4002,1,Greenville,SC,29609,US
28.1147,-82.3678,1,Tampa,FL,33647,US
28.2059,-82.3063,1,Zephyrhills,FL,33543,US
32.6129,-82.1979,1,Twin City,GA,30471,US
41.3724,-82.1051,1,Elyria,OH,44035,US
41.3187,-81.9344,1,Columbia Station,OH,44028,US
27.9729,-81.8931,1,Lakeland,FL,33812,US
30.2933,-81.5092,4,Jacksonville,FL,32246,US
28.1984,-81.487,1,Kissimmee,FL,34758,US
41.5592,-81.4828,1,Cleveland,OH,44143,US
28.3051,-81.4242,1,Kissimmee,FL,34741,US
28.6255,-81.3646,2,Maitland,FL,32751,US
28.7577,-81.3508,1,Lake Mary,FL,32746,US
41.2491,-81.3383,1,Streetsboro,OH,44241,US
28.8846,-81.3065,1,Debary,FL,32713,US
28.6133,-81.2581,1,Goldenrod,FL,32733,US
35.901,-81.2124,2,Taylorsville,NC,28681,US
36.0788,-81.1781,1,Moravian Falls,NC,28654,US
28.6607,-81.1134,1,Oviedo,FL,32766,US
34.9681,-81.0489,1,Rock Hill,SC,29732,US
42.7693859,-80.9902154,1,Aylmer,ON,N5H 2N2,CA
35.8651,-80.8858,1,Statesville,NC,28625,US
35.584,-80.8685,1,Mooresville,NC,28117,US
35.5774,-80.8226,2,Mooresville,NC,28115,US
35.0552,-80.8195,1,Charlotte,NC,28277,US
35.22,-80.7881,1,Charlotte,NC,28205,US
28.2061,-80.685,1,Melbourne,FL,32940,US
35.1936,-80.6846,1,Charlotte,NC,28227,US
25.4766,-80.4839,1,Homestead,FL,33030,US
37.2563,-80.4347,1,Blacksburg,VA,24060,US
25.7022,-80.2978,1,Miami,FL,33143,US
25.8301,-80.2926,1,Miami,FL,33166,US
26.3033,-80.2415,1,Pompano Beach,FL,33067,US
25.7825,-80.2341,2,Miami,FL,33125,US
40.5,-80.1996,1,Coraopolis,PA,15108,US
26.4116,-80.0928,1,Boca Raton,FL,33487,US
40.4181,-80.0526,1,Pittsburgh,PA,15220,US
32.7993,-80.006,1,Charleston,SC,29407,US
33.9281,-79.7731,1,Scranton,SC,29591,US
43.4325005,-79.6781001,1,Oakville,ON,L6K 2V3,CA
39.9722,-79.6431,1,Dunbar,PA,15431,US
40.1742,-79.5134,1,Mount Pleasant,PA,15666,US
43.8848567,-79.2882759,1,Markham,ON,L3P 7A9,CA
33.9823,-79.1777,1,Aynor,SC,29511,US
35.9203,-79.0372,2,Chapel Hill,NC,27514,US
35.7645,-78.7112,1,Raleigh,NC,27606,US
35.9457,-78.6433,3,Raleigh,NC,27614,US
35.8673,-78.5381,1,Raleigh,NC,27616,US
38.0339,-78.4924,1,Charlottesville,VA,22903,US
42.7249,-78.4347,1,Strykersville,NY,14145,US
35.8321,-78.3174,2,Zebulon,NC,27597,US
38.8674,-77.6445,1,Haymarket,VA,20169,US
43.1317,-77.6062,1,Rochester,NY,14620,US
38.8448,-77.467,1,Centreville,VA,20120,US
34.5426,-77.4038,1,Sneads Ferry,NC,28460,US
42.6404,-77.3901,1,Naples,NY,14512,US
35.5866,-77.3485,1,Greenville,NC,27858,US
38.6356,-77.2683,2,Woodbridge,VA,22191,US
38.7449,-77.237,2,Springfield,VA,22153,US
38.8307,-77.2142,1,Annandale,VA,22003,US
38.7797,-77.1866,2,Springfield,VA,22150,US
38.8191,-77.1484,1,Alexandria,VA,22312,US
38.8149,-77.121,1,Alexandria,VA,22304,US
38.8372,-77.064,1,Alexandria,VA,22305,US
40.2122,-77.0265,1,Mechanicsburg,PA,17050,US
39.7669,-76.8777,1,Glenville,PA,17329,US
39.2892,-76.59,1,Baltimore,MD,21231,US
39.1702,-76.5798,2,Glen Burnie,MD,21060,US
42.4474,-76.4837,1,Ithaca,NY,14853,US
38.2495,-76.4529,1,Lexington Park,MD,20653,US
39.0416,-76.4377,1,Annapolis,MD,21409,US
37.0831,-76.36,2,Hampton,VA,23665,US
36.9356,-76.3034,1,Norfolk,VA,23511,US
39.8757,-75.9214,1,Cochranville,PA,19330,US
41.2208,-75.7736,2,Wilkes Barre,PA,18702,US
40.3205,-75.352,1,Telford,PA,18969,US
40.0825,-75.3044,1,Conshohocken,PA,19428,US
40.2378,-75.2955,2,Lansdale,PA,19446,US
40.7449,-75.2217,1,Easton,PA,18040,US
39.9227,-75.1812,1,Philadelphia,PA,19145,US
40.8621,-74.4117,1,Parsippany,NJ,7054,US
40.6087,-74.2819,1,Rahway,NJ,7065,US
40.3012,-74.178,1,Colts Neck,NJ,7722,US
41.1177,-74.1241,1,Suffern,NY,10901,US
40.7867,-73.727,1,Great Neck,NY,11021,US
42.6359,-73.7219,2,Rensselaer,NY,12144,US
40.7592,-73.6449,1,Williston Park,NY,11596,US
40.8105,-73.0416,2,Holtsville,NY,11742,US
41.5334,-72.7997,1,Meriden,CT,6450,US
42.1537,-72.7698,1,Westfield,MA,1085,US
41.8316,-72.7249,1,Bloomfield,CT,6002,US
42.0702,-72.6227,1,Agawam,MA,1001,US
41.8501,-72.4649,1,Vernon Rockville,CT,6066,US
41.3572,-72.0579,1,Groton,CT,6340,US
42.779,-71.4748,1,Nashua,NH,3064,US
42.4321,-71.455,2,Maynard,MA,1754,US
42.3478,-71.1566,1,Brighton,MA,2135,US
41.7182,-71.14,1,Fall River,MA,2720,US
42.3647,-71.1042,1,Cambridge,MA,2139,US
42.3492,-71.0768,1,Boston,MA,2116,US
42.3576,-71.0684,1,Boston,MA,2108,US
43.7958,-70.4143,1,Windham,ME,4062,US
18.3958126,-66.0671709,1,San Juan,,927,PR
18.4211874,-66.0493273,1,San Juan,,917,PR
51.6410549,-0.4998324,1,Rickmansworth,Hertfordshire,WD3 8JS,GB
51.5910231,0.0568224,1,Ilford,Gt Lon,IG5 0DP,GB
51.4205813,5.4492787,1,Eindhoven,Noord-Brabant,5654NS,NL